<?xml version="1.0" encoding="UTF-8"?>
<faces-config version="4.0"
              xmlns="https://jakarta.ee/xml/ns/jakartaee"
              xmlns:xsi="http://www.w3.org/2001/XMLSchema-instance"
              xsi:schemaLocation="https://jakarta.ee/xml/ns/jakartaee
                        https://jakarta.ee/xml/ns/jakartaee/web-facesconfig_4_0.xsd">

    <factory>
        <exception-handler-factory>
            de.ssherlock.control.exception.ApplicationExceptionHandler$Factory
        </exception-handler-factory>
    </factory>
    <lifecycle>
        <phase-listener>de.ssherlock.control.util.TrespassListener</phase-listener>
    </lifecycle>

</faces-config>
