<?xml version="1.0" encoding="UTF-8"?>
<ruleset xmlns:xsi="http://www.w3.org/2001/XMLSchema-instance"
         name="SEP" xmlns="http://pmd.sourceforge.net/ruleset/2.0.0"
         xsi:schemaLocation="http://pmd.sourceforge.net/ruleset/2.0.0 https://pmd.sourceforge.io/ruleset_2_0_0.xsd">

    <description>SEP Java PMD checks</description>

    <!-- IGNORE FILES -->
    <exclude-pattern>.*/java-domainbuilder/*.*</exclude-pattern>
    <exclude-pattern>.*/app-setup/*.*</exclude-pattern>
    <exclude-pattern>.*/fflib_*.*</exclude-pattern>
    <exclude-pattern>.*/json2java/*.*</exclude-pattern>
    <exclude-pattern>.*[/\\]src[/\\]test[/\\]resources[/\\]de[/\\]ssherlock[/\\]test_data.*</exclude-pattern>

    <rule ref="category/java/design.xml">
        <exclude name="ExcessiveParameterList"/>
        <exclude name="ExcessivePublicCount"/>
        <exclude name="TooManyFields"/>
        <exclude name="CyclomaticComplexity"/>
        <exclude name="AvoidThrowingRawExceptionTypes"/>
        <exclude name="LawOfDemeter"/>
        <exclude name="ExcessiveImports"/>
        <exclude name="TooManyMethods"/>
        <exclude name="DataClass"/>
        <exclude name="GodClass"/>
        <exclude name="LoosePackageCoupling"/>
        <exclude name="ExcessiveMethodLength"/>
        <exclude name="SingularField"/>
    </rule>

    <rule ref="category/java/codestyle.xml">
        <exclude name="MethodArgumentCouldBeFinal"/>
        <exclude name="LocalVariableCouldBeFinal"/>
        <exclude name="ShortVariable"/>
        <exclude name="LongVariable"/>
        <exclude name="UnnecessaryConstructor"/>
        <exclude name="AtLeastOneConstructor"/>
        <exclude name="CommentDefaultAccessModifier"/>
        <exclude name="TooManyStaticImports"/>
        <exclude name="UselessParentheses"/>
        <exclude name="CallSuperInConstructor"/>
        <exclude name="OnlyOneReturn"/>
        <exclude name="ConfusingTernary"/>
        <exclude name="ShortClassName"/>
    </rule>

    <rule ref="category/java/design.xml/CognitiveComplexity">
        <properties>
            <property name="reportLevel" value="24"/>
        </properties>
    </rule>

    <rule ref="category/java/design.xml/ExcessiveMethodLength">
        <properties>
            <property name="minimum" value="300"/>
        </properties>
    </rule>

    <rule ref="category/java/design.xml/ExcessiveClassLength">
        <properties>
            <property name="minimum" value="1500.0"/>
        </properties>
    </rule>

    <rule ref="category/java/design.xml/NcssCount">
        <properties>
            <property name="methodReportLevel" value="100"/>
        </properties>
    </rule>

    <rule ref="category/java/design.xml/NPathComplexity">
        <properties>
            <property name="reportLevel" value="300"/>
        </properties>
    </rule>

</ruleset>
